timestamp,test_case,seed,strategy,seconds,score,gold_delivered,purity,accepted_rate,rejected,false_alarms,silent_errors,miners,speed_upgrades,inspectors,final_error_rate
2026-10-07T20:16:57,A,101,You,180.0,300.0,15,1.0,1.0,0,0,0,2,0,0,0.05
2026-10-07T20:16:57,A,101,Baseline: no inspectors,180.0,1292.3,69,0.863,0.863,0,0,11,6,4,0,0.25
2026-10-07T20:16:57,A,101,Always inspect,180.0,360.0,18,1.0,1.0,0,0,0,2,0,1,0.05
2026-10-07T20:16:57,A,101,Inspect when error >= 15%,180.0,924.8,49,0.891,0.875,1,0,6,3,2,1,0.15
2026-10-07T20:30:45,A,101,You,180.0,360.0,18,1.0,0.947,1,1,0,4,0,3,0.05
2026-10-07T20:30:45,A,101,Baseline: no inspectors,180.0,1292.3,69,0.863,0.863,0,0,11,6,4,0,0.25
2026-10-07T20:30:45,A,101,Always inspect,180.0,360.0,18,1.0,1.0,0,0,0,2,0,1,0.05
2026-10-07T20:30:45,A,101,Inspect when error >= 15%,180.0,924.8,49,0.891,0.875,1,0,6,3,2,1,0.15
2026-10-07T20:36:29,A,101,You,180.0,300.0,15,1.0,1.0,0,0,0,4,2,1,0.15
2026-10-07T20:36:29,A,101,Baseline: no inspectors,180.0,1292.3,69,0.863,0.863,0,0,11,6,4,0,0.25
2026-10-07T20:36:29,A,101,Always inspect,180.0,360.0,18,1.0,1.0,0,0,0,2,0,1,0.05
2026-10-07T20:36:29,A,101,Inspect when error >= 15%,180.0,924.8,49,0.891,0.875,1,0,6,3,2,1,0.15
2026-10-07T21:16:44,A,101,You,180.0,851.7,45,0.9,0.865,2,0,5,3,4,3,0.25
2026-10-07T21:16:44,A,101,Baseline: no inspectors,180.0,1292.3,69,0.863,0.863,0,0,11,6,4,0,0.25
2026-10-07T21:16:44,A,101,Always inspect,180.0,360.0,18,1.0,1.0,0,0,0,2,0,1,0.05
2026-10-07T21:16:44,A,101,Inspect when error >= 15%,180.0,924.8,49,0.891,0.875,1,0,6,3,2,1,0.15
2026-10-07T21:39:44,A,101,You,180.0,1341.7,70,0.946,0.824,11,2,4,5,5,3,0.3
2026-10-07T21:39:44,A,101,Baseline: no inspectors,180.0,1292.3,69,0.863,0.863,0,0,11,6,4,0,0.25
2026-10-07T21:39:44,A,101,Always inspect,180.0,360.0,18,1.0,1.0,0,0,0,2,0,1,0.05
2026-10-07T21:39:44,A,101,Inspect when error >= 15%,180.0,924.8,49,0.891,0.875,1,0,6,3,2,1,0.15
2026-10-07T22:02:42,A,101,You,180.0,1130.1,60,0.857,0.833,2,0,10,5,4,3,0.25
2026-10-07T22:02:42,A,101,Baseline: no inspectors,180.0,1292.3,69,0.863,0.863,0,0,11,6,4,0,0.25
2026-10-07T22:02:42,A,101,Always inspect,180.0,360.0,18,1.0,1.0,0,0,0,2,0,1,0.05
2026-10-07T22:02:42,A,101,Inspect when error >= 15%,180.0,924.8,49,0.891,0.875,1,0,6,3,2,1,0.15
2026-10-07T22:26:51,A,101,You,180.0,1062.9,57,0.864,0.864,0,0,9,5,3,4,0.2
2026-10-07T22:26:51,A,101,Baseline: no inspectors,180.0,1292.3,69,0.863,0.863,0,0,11,6,4,0,0.25
2026-10-07T22:26:51,A,101,Always inspect,180.0,360.0,18,1.0,1.0,0,0,0,2,0,1,0.05
2026-10-07T22:26:51,A,101,Inspect when error >= 15%,180.0,920.7,49,0.875,0.875,0,0,7,3,2,1,0.15
2026-10-07T22:33:22,A,101,You,180.0,494.9,25,0.962,0.962,0,0,1,2,1,0,0.1
2026-10-07T22:33:22,A,101,Baseline: no inspectors,180.0,1292.3,69,0.863,0.863,0,0,11,6,4,0,0.25
2026-10-07T22:33:22,A,101,Always inspect,180.0,360.0,18,1.0,1.0,0,0,0,2,0,1,0.05
2026-10-07T22:33:22,A,101,Inspect when error >= 15%,180.0,920.7,49,0.875,0.875,0,0,7,3,2,1,0.15
2026-10-07T22:50:53,A,101,You,180.0,519.4,31,0.912,0.795,5,5,3,4,3,2,0.2
2026-10-07T22:50:53,A,101,Baseline: no inspectors,180.0,419.4,26,1.206,0.553,17,16,4,4,3,0,0.2
2026-10-07T22:50:53,A,101,Always inspect,180.0,197.6,12,0.864,0.706,5,5,0,2,0,1,0.05
2026-10-07T22:50:53,A,101,Inspect when error >= 15%,180.0,437.7,28,0.87,0.636,15,14,1,3,2,1,0.15
